{
    "Paris": {
        "Lyon": -4.426431198,
        "Bruxelles": -2.1660000000000004
    },
    "Lyon": {
        "Marseille": -3.41719674
    },
    "Bruxelles": {
        "Amsterdam": -1.2032340000000001,
        "Berlin": -1.194
    },
    "Marseille": {},
    "Berlin": {
        "Marseille": -1.1400000000000001
    },
    "Amsterdam": {
        "Paris": -1.38354
    }
}